title,description,completed,due_date,user_id
Campaign hospital red cost per education sister fear.,Role rather base gun. Affect develop grow American whatever still available.,True,2023-09-05T21:14:54.535960Z,2
Man local play reason once.,Far you administration can fast. College check determine hundred perform leave behavior. Address military task name.,False,2023-09-23T21:14:54.535981Z,2
Final green no and deal while quite.,Push soon environment guy often. Practice prepare some determine speak still. Statement now card beyond next close. Think eat reason short.,False,2023-09-04T21:14:54.536007Z,2
Trouble ask develop reality pressure visit.,Finish yeah card wife. Best at state item. Soldier husband meet themselves who.,False,2023-09-16T21:14:54.536029Z,2
Health quite accept quite.,Account agency doctor strong discussion. History up expect.,True,2023-09-17T21:14:54.536047Z,2
Tree money none.,Good program such analysis color myself challenge decide. Four kitchen full. Middle agree heavy guy per tree reduce.,True,2023-08-25T21:14:54.536069Z,2
Hundred out themselves public month.,Fear security read step any make series. Place who accept many among of good box. Yard cost into do question organization.,True,2023-09-23T21:14:54.536092Z,2
Fear stage window coach.,Law religious kind government air. Property article need old. Range serve protect sport economy fact blood responsibility. Own push enjoy wide consider course.,True,2023-08-28T21:14:54.536119Z,2
Leave individual husband force.,Example debate reason stuff find toward officer. Into western attack certainly newspaper.,False,2023-08-26T21:14:54.536138Z,2
Because letter ask front.,Should evidence tree suddenly huge mouth guy. Military such do fund.,True,2023-09-07T21:14:54.536156Z,2
Far difference fly above.,Relationship sound create. Beat risk stop stuff. Join court two. Amount compare practice him wish say hundred.,True,2023-09-13T21:14:54.536181Z,2
Child economy minute someone behind water design.,His article drive remember small car. Return term forward necessary pass here nature.,True,2023-09-19T21:14:54.536200Z,2
Concern perhaps director art create.,Community turn scientist American however us. Give voice her.,True,2023-09-06T21:14:54.536218Z,2
Half chance full religious present chance again.,Item five nor small program. Site pressure someone throw effort make.,False,2023-08-27T21:14:54.536237Z,2
One north investment per establish attention.,Mrs method bring reduce maintain quickly TV. Across message sort couple I again course.,True,2023-09-09T21:14:54.536256Z,2
Network low create bed pass.,Plant toward where hot production decision mention. During real late minute staff.,False,2023-09-21T21:14:54.536275Z,2
Partner over through character.,Parent fill join. Attorney but recently.,True,2023-09-13T21:14:54.536293Z,2
Clearly tonight energy better service mission almost decision.,Provide year think wall main. Middle activity rich professor respond child feel. Kitchen try themselves relationship money be.,True,2023-09-14T21:14:54.536315Z,2
Computer chair individual follow teach network public.,Main firm lawyer. Big data professional mean material doctor.,False,2023-08-26T21:14:54.536333Z,2
Parent area girl lay color involve executive defense.,War history public item easy million position moment. Real issue perhaps bill. Near strong play fine avoid better view throw.,False,2023-09-19T21:14:54.536356Z,2
Pick think less child difference.,Produce institution matter unit. Else as affect spring. All record too meeting assume man use character.,True,2023-09-04T21:14:54.536377Z,2
Able worry week including by third here learn.,Area morning fight successful stop.,False,2023-09-10T21:14:54.536393Z,2
Same state day hot.,Year technology old ago radio then various.,False,2023-09-19T21:14:54.536407Z,2
Character region method purpose in firm.,Analysis cost spring. Old education meeting manage. A past case remain investment successful.,True,2023-09-19T21:14:54.536429Z,2
Pay break think development card thing let.,That enjoy song sport. Child conference fact service goal probably. Them manage foreign finally.,True,2023-09-19T21:14:54.536451Z,2
Live behavior class see resource suggest girl.,Table world reduce order. Value trip whether fear. Stuff too usually church.,True,2023-09-23T21:14:54.536472Z,2
Product fine live.,Across mother pull lose floor word record. Myself big whom life whose often measure. Relate condition up read individual spring.,False,2023-09-19T21:14:54.536494Z,2
Human voice guess point argue even.,Physical same must stuff deep imagine if. Hope decade sometimes month at month fill. Sometimes easy own sign.,False,2023-08-31T21:14:54.536516Z,2
His war sport car floor research run.,Tree company wall call sure eight. Each successful force century reduce wide knowledge. Actually happy choose same despite.,True,2023-08-29T21:14:54.536539Z,2
Thousand quite these offer know.,Us around edge two film wish station. Practice offer change reflect professional always wide government.,True,2023-09-06T21:14:54.536559Z,2
Man have stage woman.,His far pressure run. Fund through simply boy contain second president.,True,2023-09-07T21:14:54.536576Z,2
Assume day ground high from stuff scene.,Blue bank skin. Economy business thank able.,False,2023-09-19T21:14:54.536594Z,2
Service beat process measure degree notice camera accept.,Election election south popular bill key forward. Each save along seek bag.,True,2023-09-15T21:14:54.536612Z,2
Beat focus thought later test show.,Name particular PM member cover yet box. Poor third her food cultural as including. Little believe reveal property.,False,2023-09-23T21:14:54.536634Z,2
Enjoy be Republican not player land allow.,Ever strategy clearly not state. Project leave writer.,False,2023-09-18T21:14:54.536651Z,2
Why policy girl health miss.,Sometimes college drive who every nation. Lawyer personal economy appear. Fund get statement development others.,True,2023-09-17T21:14:54.536672Z,2
Down compare media clearly tough try indicate.,Work itself news peace power drive positive. Commercial drug among.,False,2023-08-28T21:14:54.536690Z,2
Open also best on grow arrive arm.,Medical shake model meet benefit most effect. Join first black year.,False,2023-09-23T21:14:54.536708Z,2
From it system national ok spring difference.,Including production offer stock customer form store. Head point buy speech myself.,False,2023-09-06T21:14:54.536726Z,2
Rest best seem tell often hold.,Land I miss full wind. Main message authority again item drug.,False,2023-09-22T21:14:54.536744Z,2
Edge season note parent.,Federal pass south six computer sometimes example. Argue decision into standard score pressure. Million result decade serve young.,False,2023-09-01T21:14:54.536765Z,2
Usually region majority good purpose medical.,Outside clearly later common represent race tax. Machine show mouth there reveal notice enough low. Middle wonder test major give serve try rule.,True,2023-09-14T21:14:54.536787Z,2
Or relationship current to.,Land central thank security impact performance. Son place brother character. Range very themselves do push beyond.,True,2023-08-29T21:14:54.536808Z,2
Certain traditional tonight but capital goal hear fine.,Air happy toward help clear. Stand line rise smile all fear. Industry church firm senior value hotel time.,True,2023-08-31T21:14:54.536829Z,2
Tough bag central institution benefit despite buy.,Both interest party discuss sister building language. Else which measure recognize score yes I of.,True,2023-09-04T21:14:54.536847Z,2
Group expect real talk cup easy.,Fly develop her almost coach she serious. Family scientist though find water building. Contain board bag central behind occur gas.,False,2023-08-27T21:14:54.536871Z,2
Story by improve all main fast.,Responsibility green sort rock difficult something like. Bed give situation star area daughter enjoy.,True,2023-09-04T21:14:54.536889Z,2
Action our analysis young.,Place rest maintain son they partner. War spring much share article.,True,2023-09-16T21:14:54.536906Z,2
Until democratic voice morning pull main build fact.,Note light until history course. Bag where shake simple capital.,True,2023-09-08T21:14:54.536924Z,2
Mouth response ago say question attention traditional vote.,Window often method but. Organization garden push begin staff.,False,2023-08-28T21:14:54.536942Z,2
Plan live stand available coach investment interest.,Street this often employee. Question food member author air couple.,False,2023-09-14T21:14:54.536960Z,2
Case miss wide little.,Live those serve can nice indicate medical. Whole next benefit performance toward.,True,2023-09-22T21:14:54.536977Z,2
Analysis eight describe.,Image old both until baby. Turn point not let kid his.,False,2023-09-13T21:14:54.536994Z,2
Congress old smile accept others cup.,Matter morning eye arrive. Future despite possible skin.,True,2023-08-31T21:14:54.537012Z,2
Size either main eight local benefit receive.,Eight shoulder data boy. Suddenly policy general mean.,False,2023-09-09T21:14:54.537029Z,2
Gas risk plan yes public lawyer.,Of reveal someone. Focus still court.,True,2023-09-09T21:14:54.537047Z,2
Day bring unit mouth usually our.,Truth theory last newspaper development his industry. Carry age again character. Run big future return south modern middle history.,True,2023-09-01T21:14:54.537069Z,2
Growth claim spring small executive.,Everything first huge summer manager. Choice light must off. Consider section country usually.,False,2023-09-09T21:14:54.537090Z,2
Reveal have father particularly add impact husband.,Glass guy image indicate. Movement phone through. Oil environment enjoy speak.,True,2023-09-10T21:14:54.537111Z,2
Card any large less job drug.,South Democrat forget actually remember wind. Pull really war really free military.,False,2023-08-27T21:14:54.537130Z,2
Teach skill share message.,Range Mrs someone product. Lose fear amount identify people difficult. May also kind director tree only.,False,2023-09-03T21:14:54.537151Z,2
Discussion allow whole TV wear stuff yes.,Create catch book although focus daughter. Son general offer.,False,2023-09-05T21:14:54.537170Z,2
Fall nor voice economic point minute.,Candidate class relationship gas.,True,2023-09-11T21:14:54.537185Z,2
Student would full live parent number.,Foot common send before. Loss sometimes song room none evening. Phone them would could water shake notice light.,True,2023-08-27T21:14:54.537206Z,2
Soldier then pull pay lot.,While sense worry lose toward PM. Energy national customer even. American now live somebody seven rate reveal.,False,2023-08-31T21:14:54.537227Z,2
Process those own.,Nothing level accept space area it why. Bad interest though still.,True,2023-08-28T21:14:54.537247Z,2
Set item probably until social lay explain.,Garden buy eight eight example. Study beat during tax one American.,True,2023-09-10T21:14:54.537266Z,2
You reveal meet interesting PM.,Series Congress low memory easy reveal stand him. Guy cold will program plan report site. Address scientist happy she.,True,2023-09-10T21:14:54.537288Z,2
Nation become mouth north suggest.,As mission project gun generation detail. Resource but energy up decide area.,False,2023-09-09T21:14:54.537307Z,2
Impact common away seek her leave staff.,Any name hold create support. Thing Mrs role cell cup just simple.,False,2023-09-22T21:14:54.537326Z,2
Kid son so recently maintain process.,Buy report produce effort rest. Make establish yeah scientist specific speech experience.,False,2023-09-09T21:14:54.537344Z,2
Surface second fact near adult born.,Than theory among bring away contain sense note. Technology within do mention say owner business.,False,2023-09-04T21:14:54.537362Z,2
Matter notice other prevent top another woman.,Next more drop. Avoid common human long. Voice forget exactly.,False,2023-08-30T21:14:54.537382Z,2
Build attention learn star game.,Those similar during green five look president sport.,True,2023-09-19T21:14:54.537396Z,2
Model scientist doctor role name service account.,Real look second pattern rest. Early father cover sell pull. Create leg audience.,False,2023-09-21T21:14:54.537418Z,2
Support spend nation she chance college.,My idea all by husband finally. Fact theory way most.,False,2023-08-28T21:14:54.537435Z,2
Dinner president partner cold unit garden usually.,Space start field.,True,2023-09-06T21:14:54.537449Z,2
Ready happen dog pull operation country art probably.,Seem product wind tend fish place huge. Investment concern conference daughter.,False,2023-08-29T21:14:54.537467Z,2
Break smile let too oil may top.,Natural whom local rule their strategy much. First particularly section ahead threat.,False,2023-08-30T21:14:54.537484Z,2
Rather yeah difficult get.,Already commercial cost special show. Campaign my phone that.,False,2023-09-21T21:14:54.537501Z,2
Few measure talk hotel.,Ground see week record here such. Professor financial value any thus who result investment. Soldier method but appear morning not.,True,2023-09-10T21:14:54.537521Z,2
Travel deep civil peace.,Always its health letter. Southern ready community board pull. Actually provide near yeah professional.,False,2023-09-06T21:14:54.537541Z,2
Use daughter necessary describe somebody.,Start heart real change. Network five professor sound size.,True,2023-09-11T21:14:54.537558Z,2
Help station production single.,Hotel meet sound represent compare thousand. Writer debate response operation.,True,2023-09-05T21:14:54.537574Z,2
Impact manage record method stock method.,Customer general such break. Account buy poor kind feeling. Maybe light moment next.,True,2023-08-30T21:14:54.537595Z,2
Final common down management professor beautiful name.,Film tough should including anyone number. Pressure drop agreement concern.,True,2023-09-20T21:14:54.537612Z,2
Treat station hour hope throw window.,Nature reduce might at owner class market.,False,2023-09-16T21:14:54.537626Z,2
Way leave them hot foreign through.,Choose side most particular truth. Charge fine single care. Because this large and stop occur raise identify.,True,2023-09-22T21:14:54.537646Z,2
Bring study huge would seem.,School road class color blood. Move evidence leave author painting yourself ten. Join moment their play. Card girl four build.,False,2023-09-03T21:14:54.537669Z,2
Figure ago rich food modern step.,Arm hold wind push much require strong. Bad return single do picture draw. Nation matter outside.,False,2023-09-17T21:14:54.537692Z,2
Cell about administration company create enter project.,Suddenly again save chair development whom chair. Happy down season view expert mention water operation.,False,2023-09-22T21:14:54.537710Z,2
Nearly general gun individual daughter team president.,Reduce fund both assume. Threat officer day partner.,False,2023-09-20T21:14:54.537726Z,2
Agree practice majority have break top.,Democratic him share still forget perhaps miss day. Either oil prepare subject establish. Floor always book positive believe blue possible.,True,2023-09-07T21:14:54.537747Z,2
While great card protect.,Adult age it manager risk book director letter. Bag within nearly over perform send draw concern. Radio store position bag rule agreement.,False,2023-09-04T21:14:54.537768Z,2
Treatment sea camera word camera site.,Bar minute clearly full go response energy.,False,2023-08-29T21:14:54.537781Z,2
Finish hotel each personal partner later.,Send section eye attention. To mind attorney most.,True,2023-09-16T21:14:54.537797Z,2
Stuff drop central figure.,You service front detail language play different. Defense and us paper large. Interesting marriage another.,True,2023-09-09T21:14:54.537818Z,2
Picture if increase best you yes cup.,Too civil well make specific argue myself. Over see camera Democrat red reality adult eight. Year cover operation cost bed take book five.,True,2023-08-30T21:14:54.537838Z,2
Detail perhaps couple figure summer often.,Note mean feeling despite much prove research. Address far letter nothing.,False,2023-08-31T21:14:54.537854Z,2
Picture project level have should treatment even.,Foreign information financial also without authority. Trip light check. Almost fish change agree.,False,2023-09-05T21:14:54.537874Z,2
Subject within first tend simple.,Year see light art.,True,2023-08-25T21:14:54.537887Z,2
Today treatment law develop candidate play offer.,Again cultural teacher between. Hard bit firm behavior attention. View little reach appear.,True,2023-09-20T21:14:54.537907Z,2
Onto very walk something nor purpose.,Item common least challenge election. Foot author address up out market. Agency however partner new service part.,False,2023-09-14T21:14:54.537927Z,2
History respond maybe human pass.,During third Mr themselves conference participant serve. Office state exist shake sure agent. Significant quality play allow option purpose standard.,False,2023-09-16T21:14:54.537947Z,2
Right they tough wall star language between professional.,Score great some. Consumer protect meeting hour us game. Time system best amount what chair without.,True,2023-08-31T21:14:54.537968Z,2
Because civil general their prevent generation scene.,Success it worry other however have. Tv wish vote forget end ago.,False,2023-09-04T21:14:54.537985Z,2
Peace single trial ten natural maybe notice.,Foreign fish occur office care great as. Reality traditional trip from look nature. Learn describe education important. Produce eight age west floor.,False,2023-09-01T21:14:54.538008Z,2
Analysis computer affect accept film.,Marriage may us surface baby various work. Fine strong police professor.,True,2023-09-09T21:14:54.538024Z,2
Hour success method seven plan doctor country.,Whether eight blood wish although because rest. Writer fine opportunity charge together.,False,2023-09-19T21:14:54.538041Z,2
Machine hair include.,Over space history hot four. Agree see large degree ball end.,True,2023-09-07T21:14:54.538059Z,2
Hour statement central good life glass house.,Station phone fact form movement today ever.,False,2023-09-06T21:14:54.538074Z,2
Her coach again entire apply trip despite.,Whole nor identify necessary whole perhaps stop. Give laugh create. Number question body even continue hard trip argue.,False,2023-09-06T21:14:54.538093Z,2
Seem gun doctor car once.,Possible reality statement effort. Guess edge wonder color stuff whatever. Full prevent west someone. Enjoy bed many board role small.,True,2023-09-05T21:14:54.538116Z,2
Soldier wear Mr word bag reduce her.,Though start goal until theory be person. Peace join popular.,True,2023-08-26T21:14:54.538133Z,2
Together happy arm close.,College dream before well. Each wall painting professional here pay. Support hospital figure student issue before such fight.,False,2023-09-18T21:14:54.538153Z,2
New enter assume detail majority store.,Down strong science thank. Evening knowledge line wide foreign sea right.,False,2023-09-08T21:14:54.538170Z,2
Impact improve work bill beyond data.,Including no spend through various least. Several hour herself one once class good.,True,2023-09-20T21:14:54.538187Z,2
Natural support right cause seek meeting apply.,More professional service explain best network. End during want she and. During win their arm professor six.,False,2023-09-21T21:14:54.538207Z,2
Property top practice you natural.,Agency second kid partner. Care drug card forward wife. Affect road both good simply. Economic reduce total stock write step.,False,2023-09-12T21:14:54.538230Z,2
Economic accept contain.,Yet while write anything would. Certain other require despite floor. With recognize range mind.,False,2023-08-28T21:14:54.538249Z,2
Sense cell our who treat sell player stock.,Skin fly treat energy up age region. Reason finally pressure foreign seat pass discussion.,True,2023-09-01T21:14:54.538267Z,2
Kitchen outside eight somebody building share eat.,President upon truth today especially yet. Thing goal trial class tax. How agent summer officer close strong song.,True,2023-09-13T21:14:54.538288Z,2
Team off somebody.,Town son away window appear rich above. Staff grow area parent. Perform brother future this age Republican.,False,2023-09-22T21:14:54.538308Z,2
Back professional enough real.,Although ground research sing debate able. Cell director be alone water reveal big.,False,2023-09-03T21:14:54.538325Z,2
Ready quickly other voice end attorney research.,Audience explain opportunity general. Law Democrat herself civil education. Station author some task many check economic.,True,2023-08-28T21:14:54.538344Z,2
Leave direction war none.,Approach recently east next style edge order.,True,2023-09-12T21:14:54.538358Z,2
Seem ground make morning couple class develop.,For nice city something real task nature. Major thing similar.,True,2023-09-22T21:14:54.538374Z,2
Their enter national have newspaper.,Series according structure use yourself education. At carry quality right. Area production wait remember along green.,False,2023-09-08T21:14:54.538395Z,2
Character during protect law.,About fish single PM little enough land. Either girl standard scientist next employee class. Body understand animal arrive time language.,False,2023-09-06T21:14:54.538415Z,2
Find drop serious where nature seat.,Admit including still make home. Force deep them.,True,2023-09-13T21:14:54.538432Z,2
Note determine respond impact free.,Company pay start remain coach. Develop break more debate. Item decade thus structure.,False,2023-08-27T21:14:54.538451Z,2
Still answer rather place side although.,Require item sit teach action number serious.,False,2023-08-27T21:14:54.538465Z,2
Cut people on nothing serious happen wish.,Help fall personal yes. The officer sign sit kid send baby.,True,2023-08-31T21:14:54.538483Z,2
Good eight such recently bad red.,Most great man kind business federal ability. Candidate technology operation act it. Often above rich history lawyer last.,False,2023-08-28T21:14:54.538503Z,2
North service once baby.,Final executive state or respond. Describe seven evidence eat.,False,2023-09-09T21:14:54.538519Z,2
Clear it it generation him.,Throw enter pay upon. Person one enjoy fast less whom. Staff religious pretty style them no.,True,2023-09-15T21:14:54.538540Z,2
Thousand professor agreement fish herself reduce.,Response PM boy admit nothing show race. Become writer outside pick shoulder just.,False,2023-08-26T21:14:54.538558Z,2
Future yes service area manage letter however.,Player project country. Both build bad create think here service. Argue seem record dinner economic will truth involve.,True,2023-09-18T21:14:54.538578Z,2
Vote type moment ten drug money.,Arm others phone per full before day. Safe whatever must soldier hand. Despite learn hit employee.,False,2023-09-10T21:14:54.538599Z,2
Serious boy leg thought describe fast across.,Growth stock interview final inside.,True,2023-09-09T21:14:54.538613Z,2
Forward method shake matter film home in.,Experience order movie. Test conference your final.,False,2023-09-13T21:14:54.538629Z,2
Bed white man guy work.,Me business little nor financial short. City he news laugh.,True,2023-09-20T21:14:54.538646Z,2
Again only either get receive administration professional.,A figure whose understand anything. Onto debate carry run his.,False,2023-09-06T21:14:54.538663Z,2
Behind season discuss professor similar.,Seat college should movement old. According human reason east return. Five today fill without option today blood. Prove without thus.,True,2023-09-17T21:14:54.538687Z,2
Sport cause anything hit month of.,Too series apply enough majority station. Society such go design. Support same resource point type score phone bed.,False,2023-09-17T21:14:54.538708Z,2
Woman many or pretty air hear month catch.,Wife back road agreement. Fight begin threat.,True,2023-09-03T21:14:54.538725Z,2
Everything center expect campaign.,Record and player find. Lawyer among against down job program. Boy even back return community my figure apply.,False,2023-09-01T21:14:54.538746Z,2
Her book thousand story without worker.,Fish lay measure society floor similar. Any various maybe if student sell. He artist trouble mind relationship account.,False,2023-09-07T21:14:54.538767Z,2
Set foreign player five take mention.,Alone crime firm. Office kind subject growth general. Room forget close white.,False,2023-09-10T21:14:54.538788Z,2
Career interesting interview.,Form half this bar. Similar relationship professional this million. Official with important reflect something. Involve test fight general daughter bill discover.,True,2023-09-14T21:14:54.538813Z,2
Start real other word.,Debate apply agency though to prepare. Explain road never marriage training church himself. Anything animal degree avoid special three message. Key thousand anyone travel talk yard.,True,2023-09-10T21:14:54.538837Z,2
Around relate significant red newspaper across.,Foot until point chance coach. Table go tonight vote.,True,2023-09-11T21:14:54.538855Z,2
Without kid few car for station.,Back development concern environmental painting. That left size necessary information.,True,2023-09-03T21:14:54.538873Z,2
Continue better during law far.,Thank religious certainly window. Heavy billion find article society serve size report.,False,2023-09-17T21:14:54.538891Z,2
Pressure six and industry middle manager individual.,Voice reach true debate. Within form what discuss term. Country future series possible.,True,2023-09-06T21:14:54.538913Z,2
Woman watch yourself article would teach a.,Central other begin after score address discussion. Know down position wall law. Air season realize field manage probably lay forward.,False,2023-09-09T21:14:54.538934Z,2
Drug threat sister piece language and pressure.,Democratic wear work financial late. Number news garden could.,True,2023-09-12T21:14:54.538954Z,2
Financial design next here green.,North such front best specific certain system.,True,2023-09-17T21:14:54.538969Z,2
Huge nor throughout country but lose own almost.,Computer those push wear heart hear. Myself fact shake require.,True,2023-09-20T21:14:54.538987Z,2
Happen social lead quite.,Not daughter happen piece evening. Beat everybody paper course hear difference.,False,2023-09-17T21:14:54.539004Z,2
Between lose safe his either teach black.,Kitchen wife activity sister whether. Feel do entire avoid student.,False,2023-08-26T21:14:54.539022Z,2
World discussion bit size hospital.,Million give computer follow quickly sit. East field imagine discussion him. Pattern strategy degree thank scene standard.,False,2023-09-05T21:14:54.539043Z,2
Economy determine office movement weight.,Decade break issue class. Ability however magazine address pay result question. Hand nor throughout politics. Other hair hotel relate star amount example.,False,2023-09-09T21:14:54.539067Z,2
Face Mrs month sort scientist quality source here.,Not garden shake possible although with southern account. Public already customer need evidence interesting class drive. Relationship unit market sit phone among ahead.,False,2023-09-13T21:14:54.539089Z,2
Job child son money top.,Owner him government indicate near challenge without cause. About practice trial continue.,True,2023-08-31T21:14:54.539107Z,2
Room cultural teach lot majority.,Send company shake walk. Join key tell popular.,True,2023-09-18T21:14:54.539124Z,2
Message probably student area network.,Election hear guess include lot amount party. Him material local American sometimes produce. First agent stay drive use none.,False,2023-09-22T21:14:54.539145Z,2
Heart officer standard instead fund see.,His chair agreement beat nor billion return.,False,2023-09-17T21:14:54.539159Z,2
Exactly significant girl.,Soldier red Mrs price air southern wind rich. Should present believe line.,False,2023-08-25T21:14:54.539176Z,2
Billion later common own.,Explain quality partner economic hour some staff administration. Future into office point who.,False,2023-08-29T21:14:54.539194Z,2
Race card per experience save seat number.,Race couple large. Management hope resource color.,True,2023-09-11T21:14:54.539212Z,2
Name because once east.,Special ground could onto art. Experience political focus line how maybe. There manage democratic a brother able.,False,2023-09-16T21:14:54.539232Z,2
Yet garden author point start eight drug magazine.,Thing blue pass bad serve bad particularly. Whole really gun. Land around quality century almost.,True,2023-08-31T21:14:54.539253Z,2
Major thus near he beyond as blue.,Whatever action avoid ahead so. Approach bar fall mother politics. Catch near stop third loss.,True,2023-08-26T21:14:54.539275Z,2
Car safe animal enjoy understand score end song.,Whom fund statement read. Girl plan two dark dark price environment. Always class face serve in particular say.,False,2023-09-16T21:14:54.539296Z,2
Herself similar team business suddenly final picture.,Strategy cell tell now move.,False,2023-09-12T21:14:54.539311Z,2
Force mean event thus picture wear heavy.,Most get simple especially painting sort. Give attack how skill. Character opportunity south allow.,True,2023-09-21T21:14:54.539332Z,2
Today garden skill time fact.,Administration exist country voice fire environment adult. Share example win red. Assume Democrat deep always.,True,2023-09-09T21:14:54.539353Z,2
Interesting song according soldier coach.,Charge clear any list try. Either act paper job. Until front plant safe.,False,2023-09-05T21:14:54.539373Z,2
Response painting benefit realize most know range much.,Level scientist discussion very tend myself laugh. Father cell guy send member. Song beyond be daughter best from quite.,True,2023-08-29T21:14:54.539394Z,2
Determine sometimes instead police join once difference he.,Anything least resource relate movement economic.,False,2023-09-09T21:14:54.539409Z,2
Be mean cell speak teacher baby.,Or cover color continue charge. Scientist difficult focus onto.,True,2023-08-29T21:14:54.539426Z,2
Window word really third.,Strategy above beyond anyone source thank daughter. Material spring address also lawyer. Production over fill quality two various door effect.,False,2023-09-13T21:14:54.539448Z,2
Allow dark finish stage performance establish right.,Assume season item three rate little fear meeting. Measure allow mission see partner protect inside.,False,2023-08-28T21:14:54.539468Z,2
Should which many cost.,Cultural doctor authority accept.,False,2023-09-04T21:14:54.539483Z,2
Theory pretty strong create.,Under safe record fact. Week inside why part fight per available. Woman product speak war public beat.,False,2023-09-18T21:14:54.539504Z,2
Wind billion bring place lose site born.,Thank seek test drive hard activity front. Prevent protect two relationship. Similar this arm any. Husband often Congress their somebody our.,True,2023-09-23T21:14:54.539528Z,2
Win meet upon manage blood.,Way side relationship issue job. Political us fine a. Western brother whole. Name property generation section set until.,True,2023-09-10T21:14:54.539553Z,2
Space culture dark set sense.,Scene apply card production. Catch very will send. Teacher language state enter.,False,2023-09-19T21:14:54.539573Z,2
State scientist Democrat set walk box reality.,Audience authority hour.,True,2023-08-28T21:14:54.539588Z,2
Difference few green much.,Rule even list suddenly relate speak. Specific region chance prepare month while believe. Break heavy nothing recognize plant indicate body.,True,2023-09-04T21:14:54.539609Z,2
Peace win its experience.,Line yes indicate board. Recently by near budget memory score. Free carry player follow simply.,True,2023-09-10T21:14:54.539630Z,2
Few still use learn provide lot.,Hard hear institution world rate keep. Road mention data accept.,False,2023-09-19T21:14:54.539647Z,2
Level long radio seven here road approach.,Attorney reason he over. Her any authority write hundred.,False,2023-09-04T21:14:54.539665Z,2
Hospital car heavy stuff shoulder indicate attorney institution.,Tax others still but woman accept. Reflect on this require. Water take write letter company.,False,2023-09-22T21:14:54.539685Z,2
Three world whatever vote behind thousand state.,Nothing hard minute discussion brother. Price huge job myself staff. Security cup power blue forward issue.,False,2023-09-07T21:14:54.539706Z,2
Me of prevent.,Seem rest town management. Return level million idea heart. Whose party product discover travel person.,False,2023-09-20T21:14:54.539727Z,2
Any little who else address.,Central leg that sometimes someone. Who establish brother describe quality. Decision always skin sure. Rather bit employee less chair.,True,2023-09-14T21:14:54.539750Z,2
Theory hair scientist want join strong.,Television ground drug. Night citizen thank. Important realize TV the account increase view.,True,2023-08-30T21:14:54.539771Z,2
Reduce car receive camera opportunity use.,During magazine medical exist. Nice morning dog. Political by time senior.,False,2023-09-05T21:14:54.539791Z,2
